Name,Created,Tags,Updated
"Note - Nov 6, 5:03 PM -  BPMN - Ass1_2 Rev2.bpmn BPMN - Ass1_2 Rev2.svg","November 6, 2021 4:03 PM",,"November 6, 2021 4:03 PM"
"Note - Oct 9, 12:26 PM -  Screen Shot 2021-10-09 at 12.25.39 PM","October 9, 2021 11:26 AM",,"October 9, 2021 11:26 AM"
"Note - Oct 9, 12:26 PM -  Screen Shot 2021-10-09 at 12.25.39 PM","October 9, 2021 11:26 AM",,"October 9, 2021 11:26 AM"
Lecture 2 - Active Database: Triggers Part 2,"October 4, 2021 3:41 PM",,"October 4, 2021 3:41 PM"
Lecture 2 - Active Database: Triggers Part 2,"October 4, 2021 3:40 PM",,"October 4, 2021 3:40 PM"
Lecture 2 - Active Database: Triggers Part 2,"October 4, 2021 3:40 PM",,"October 4, 2021 3:40 PM"
"Note - Sep 26, 4:14 PM -  JetBrains Toolbox","September 26, 2021 3:14 PM",,"September 26, 2021 3:14 PM"
Database Project,"September 22, 2021 12:38 PM",,"September 22, 2021 1:31 PM"
Alumni Committee Transition,"August 27, 2021 12:56 PM",,"August 27, 2021 1:25 PM"
Recovery Accountability and Safety Plan,"August 26, 2021 12:16 PM",,"August 26, 2021 12:32 PM"
Things to do,"August 22, 2021 8:59 AM",,"August 22, 2021 8:59 AM"
JD - Project Manager_A (003).docx,"May 9, 2021 3:24 PM",,"May 9, 2021 3:24 PM"
To-Do Alumni,"April 22, 2021 4:20 PM",,"April 22, 2021 4:22 PM"
LAUNCH! Business + PM,"March 7, 2021 12:20 AM",,"March 7, 2021 1:46 AM"
Data Engineer Role Description,"February 24, 2021 2:11 AM",,"February 24, 2021 2:11 AM"